login,url,number_of_contributions
gjtorikian,https://github.com/gjtorikian,1
maxbrunsfeld,https://github.com/maxbrunsfeld,1
mcolyer,https://github.com/mcolyer,1
brianmario,https://github.com/brianmario,1
as-cii,https://github.com/as-cii,1
iolsen,https://github.com/iolsen,1
bkeepers,https://github.com/bkeepers,1
johndbritton,https://github.com/johndbritton,1
shiftkey,https://github.com/shiftkey,2
theojulienne,https://github.com/theojulienne,2
simurai,https://github.com/simurai,2
lee-dohm,https://github.com/lee-dohm,3
probablycorey,https://github.com/probablycorey,4
groundwater,https://github.com/groundwater,6
vanessayuenn,https://github.com/vanessayuenn,7
joshaber,https://github.com/joshaber,10
ckerr,https://github.com/ckerr,10
jkleinsc,https://github.com/jkleinsc,39
zeke,https://github.com/zeke,131
kevinsawicki,https://github.com/kevinsawicki,474
zcbenz,https://github.com/zcbenz,603
